{
  "KC_PP1": 0.2228,
  "KC_PP2": 0.3938,
  "KC_PP3": 0.3834,
  "KA_PP1": 0.3482,
  "KA_PP2": 0.2717,
  "KA_PP3": 0.3801,
  "KS_PP1": 0.4798,
  "KS_PP2": 0.3095,
  "KS_PP3": 0.2106,
  "KH_PP1": 0.4745,
  "KH_PP2": 0.3196,
  "KH_PP3": 0.2059,
  "KP_PP1": 0.3726,
  "KP_PP2": 0.3411,
  "KP_PP3": 0.2863,
  "KC_PB1": 0.3475,
  "KC_PB2": 0.2862,
  "KC_PB3": 0.3663,
  "KA_PB1": 0.3887,
  "KA_PB2": 0.3339,
  "KA_PB3": 0.2774,
  "KS_PB1": 0.3824,
  "KS_PB2": 0.3769,
  "KS_PB3": 0.2407,
  "KH_PB1": 0.2328,
  "KH_PB2": 0.4001,
  "KH_PB3": 0.3671,
  "KP_PB1": 0.4061,
  "KP_PB2": 0.3263,
  "KP_PB3": 0.2677,
  "KC_PM1": 0.4175,
  "KC_PM2": 0.3661,
  "KC_PM3": 0.2164,
  "KA_PM1": 0.4522,
  "KA_PM2": 0.3718,
  "KA_PM3": 0.1759,
  "KS_PM1": 0.2521,
  "KS_PM2": 0.3698,
  "KS_PM3": 0.3782,
  "KH_PM1": 0.2709,
  "KH_PM2": 0.3419,
  "KH_PM3": 0.3873,
  "KP_PM1": 0.2709,
  "KP_PM2": 0.3419,
  "KP_PM3": 0.3873,
  "KC_UP1": 0.4797,
  "KC_UP2": 0.5203,
  "KA_UP1": 0.5923,
  "KA_UP2": 0.4077,
  "KS_UP1": 0.4681,
  "KS_UP2": 0.5319,
  "KH_UP1": 0.4665,
  "KH_UP2": 0.5335,
  "KP_UP1": 0.5669,
  "KP_UP2": 0.4331,
  "KC_PK1": 0.5701,
  "KC_PK2": 0.4299,
  "KA_PK1": 0.4323,
  "KA_PK2": 0.5677,
  "KS_PK1": 0.3054,
  "KS_PK2": 0.6946,
  "KH_PK1": 0.7791,
  "KH_PK2": 0.2209,
  "KP_PK1": 0.8365,
  "KP_PK2": 0.1635
}