[
  {
    "KC_PP1": 0.8912,
    "KC_PP2": 1.5752,
    "KC_PP3": 1.5336,
    "KA_PP1": 1.3928,
    "KA_PP2": 1.0868,
    "KA_PP3": 1.5204,
    "KS_PP1": 1.9192,
    "KS_PP2": 1.238,
    "KS_PP3": 0.8424,
    "KH_PP1": 1.898,
    "KH_PP2": 1.2784,
    "KH_PP3": 1.0295,
    "KP_PP1": 1.1178,
    "KP_PP2": 1.7055,
    "KP_PP3": 1.1452,
    "KC_PB1": 0.695,
    "KC_PB2": 0.8586,
    "KC_PB3": 0.7326,
    "KA_PB1": 0.7774,
    "KA_PB2": 1.3356,
    "KA_PB3": 0.5548,
    "KS_PB1": 1.912,
    "KS_PB2": 1.5076,
    "KS_PB3": 0.9628,
    "KH_PB1": 0.9312,
    "KH_PB2": 1.6004,
    "KH_PB3": 1.8355,
    "KP_PB1": 1.6244,
    "KP_PB2": 1.3052,
    "KP_PB3": 0.8031,
    "KC_PM1": 1.2525,
    "KC_PM2": 1.4644,
    "KC_PM3": 1.082,
    "KA_PM1": 1.8088,
    "KA_PM2": 1.4872,
    "KA_PM3": 0.7036,
    "KS_PM1": 1.0084,
    "KS_PM2": 1.4792,
    "KS_PM3": 1.5128,
    "KH_PM1": 1.0836,
    "KH_PM2": 1.3676,
    "KH_PM3": 1.5492,
    "KP_PM1": 1.0836,
    "KP_PM2": 1.3676,
    "KP_PM3": 1.5492,
    "KC_UP1": 1.9188,
    "KC_UP2": 2.6015,
    "KA_UP1": 2.3692,
    "KA_UP2": 2.0385,
    "KS_UP1": 2.3405,
    "KS_UP2": 2.1276,
    "KH_UP1": 2.3325,
    "KH_UP2": 2.6675,
    "KP_UP1": 2.8345,
    "KP_UP2": 2.1655,
    "KC_PK1": 1.7103,
    "KC_PK2": 1.7196,
    "KA_PK1": 1.7292,
    "KA_PK2": 2.2708,
    "KS_PK1": 1.2216,
    "KS_PK2": 3.473,
    "KH_PK1": 3.8955,
    "KH_PK2": 0.8836,
    "KP_PK1": 3.346,
    "KP_PK2": 0.654
  },
  {
    "KC_PP1": 1.114,
    "KC_PP2": 1.969,
    "KC_PP3": 1.917,
    "KA_PP1": 1.741,
    "KA_PP2": 1.3585,
    "KA_PP3": 1.9005,
    "KS_PP1": 2.399,
    "KS_PP2": 1.5475,
    "KS_PP3": 1.053,
    "KH_PP1": 1.898,
    "KH_PP2": 1.2784,
    "KH_PP3": 0.8236,
    "KP_PP1": 1.4904,
    "KP_PP2": 1.3644,
    "KP_PP3": 1.1452,
    "KC_PB1": 1.0425,
    "KC_PB2": 0.8586,
    "KC_PB3": 1.0989,
    "KA_PB1": 1.5548,
    "KA_PB2": 1.3356,
    "KA_PB3": 0.8322,
    "KS_PB1": 1.1472,
    "KS_PB2": 1.1307,
    "KS_PB3": 0.9628,
    "KH_PB1": 0.6984,
    "KH_PB2": 1.6004,
    "KH_PB3": 1.1013,
    "KP_PB1": 1.2183,
    "KP_PB2": 1.3052,
    "KP_PB3": 0.8031,
    "KC_PM1": 1.2525,
    "KC_PM2": 1.0983,
    "KC_PM3": 0.6492,
    "KA_PM1": 1.3566,
    "KA_PM2": 1.1154,
    "KA_PM3": 0.5277,
    "KS_PM1": 0.7563,
    "KS_PM2": 1.1094,
    "KS_PM3": 1.1346,
    "KH_PM1": 0.8127,
    "KH_PM2": 1.0257,
    "KH_PM3": 1.1619,
    "KP_PM1": 1.0836,
    "KP_PM2": 1.0257,
    "KP_PM3": 1.5492,
    "KC_UP1": 1.9188,
    "KC_UP2": 2.0812,
    "KA_UP1": 2.3692,
    "KA_UP2": 1.6308,
    "KS_UP1": 1.8724,
    "KS_UP2": 2.1276,
    "KH_UP1": 1.866,
    "KH_UP2": 2.134,
    "KP_UP1": 2.2676,
    "KP_UP2": 1.7324,
    "KC_PK1": 2.2804,
    "KC_PK2": 1.7196,
    "KA_PK1": 1.7292,
    "KA_PK2": 2.2708,
    "KS_PK1": 1.2216,
    "KS_PK2": 2.7784,
    "KH_PK1": 3.1164,
    "KH_PK2": 0.8836,
    "KP_PK1": 3.346,
    "KP_PK2": 0.654
  },
  {
    "KC_PP1": 1.114,
    "KC_PP2": 1.969,
    "KC_PP3": 1.917,
    "KA_PP1": 1.741,
    "KA_PP2": 1.3585,
    "KA_PP3": 1.9005,
    "KS_PP1": 2.399,
    "KS_PP2": 1.5475,
    "KS_PP3": 1.053,
    "KH_PP1": 1.898,
    "KH_PP2": 1.598,
    "KH_PP3": 1.0295,
    "KP_PP1": 1.863,
    "KP_PP2": 1.7055,
    "KP_PP3": 1.4315,
    "KC_PB1": 1.7375,
    "KC_PB2": 1.1448,
    "KC_PB3": 1.8315,
    "KA_PB1": 1.5548,
    "KA_PB2": 1.3356,
    "KA_PB3": 1.387,
    "KS_PB1": 1.912,
    "KS_PB2": 1.5076,
    "KS_PB3": 1.2035,
    "KH_PB1": 0.9312,
    "KH_PB2": 2.0005,
    "KH_PB3": 1.8355,
    "KP_PB1": 2.0305,
    "KP_PB2": 1.6315,
    "KP_PB3": 1.3385,
    "KC_PM1": 1.67,
    "KC_PM2": 1.8305,
    "KC_PM3": 0.8656,
    "KA_PM1": 1.8088,
    "KA_PM2": 1.4872,
    "KA_PM3": 0.8795,
    "KS_PM1": 1.2605,
    "KS_PM2": 1.849,
    "KS_PM3": 1.891,
    "KH_PM1": 1.3545,
    "KH_PM2": 1.7095,
    "KH_PM3": 1.9365,
    "KP_PM1": 1.3545,
    "KP_PM2": 1.3676,
    "KP_PM3": 1.9365,
    "KC_UP1": 1.9188,
    "KC_UP2": 2.0812,
    "KA_UP1": 2.3692,
    "KA_UP2": 2.0385,
    "KS_UP1": 2.3405,
    "KS_UP2": 2.1276,
    "KH_UP1": 2.3325,
    "KH_UP2": 2.134,
    "KP_UP1": 2.2676,
    "KP_UP2": 1.7324,
    "KC_PK1": 2.8505,
    "KC_PK2": 1.7196,
    "KA_PK1": 2.1615,
    "KA_PK2": 2.8385,
    "KS_PK1": 1.527,
    "KS_PK2": 3.473,
    "KH_PK1": 3.8955,
    "KH_PK2": 0.8836,
    "KP_PK1": 3.346,
    "KP_PK2": 0.654
  }
]