[
  {
    "JC1": 2.3933,
    "JC2": 2.5975,
    "JC3": 3.0357,
    "min": 2.3933,
    "cluster": "C1"
  },
  {
    "JC1": 3.8341,
    "JC2": 3.0864,
    "JC3": 2.7995,
    "min": 2.7995,
    "cluster": "C3"
  },
  {
    "JC1": 1.0797,
    "JC2": 1.8004,
    "JC3": 2.4542,
    "min": 1.0797,
    "cluster": "C1"
  },
  {
    "JC1": 2.3915,
    "JC2": 2.2556,
    "JC3": 2.0739,
    "min": 2.0739,
    "cluster": "C3"
  },
  {
    "JC1": 2.4851,
    "JC2": 2.8456,
    "JC3": 1.4662,
    "min": 1.4662,
    "cluster": "C3"
  },
  {
    "JC1": 2.5055,
    "JC2": 2.7424,
    "JC3": 1.2003,
    "min": 1.2003,
    "cluster": "C3"
  },
  {
    "JC1": 1.8391,
    "JC2": 2.6522,
    "JC3": 3.3129,
    "min": 1.8391,
    "cluster": "C1"
  },
  {
    "JC1": 3.0606,
    "JC2": 2.288,
    "JC3": 3.311,
    "min": 2.288,
    "cluster": "C2"
  },
  {
    "JC1": 1.9197,
    "JC2": 1.7585,
    "JC3": 3.193,
    "min": 1.7585,
    "cluster": "C2"
  },
  {
    "JC1": 2.437,
    "JC2": 1.6346,
    "JC3": 2.6279,
    "min": 1.6346,
    "cluster": "C2"
  },
  {
    "JC1": 2.7869,
    "JC2": 2.806,
    "JC3": 1.2142,
    "min": 1.2142,
    "cluster": "C3"
  },
  {
    "JC1": 2.0808,
    "JC2": 2.5902,
    "JC3": 3.3882,
    "min": 2.0808,
    "cluster": "C1"
  },
  {
    "JC1": 1.9799,
    "JC2": 2.628,
    "JC3": 2.9792,
    "min": 1.9799,
    "cluster": "C1"
  },
  {
    "JC1": 1.5965,
    "JC2": 1.9923,
    "JC3": 3.0596,
    "min": 1.5965,
    "cluster": "C1"
  },
  {
    "JC1": 2.8718,
    "JC2": 2.6612,
    "JC3": 1.5975,
    "min": 1.5975,
    "cluster": "C3"
  },
  {
    "JC1": 1.6675,
    "JC2": 2.2237,
    "JC3": 2.0266,
    "min": 1.6675,
    "cluster": "C1"
  },
  {
    "JC1": 2.7671,
    "JC2": 3.0783,
    "JC3": 1.4129,
    "min": 1.4129,
    "cluster": "C3"
  },
  {
    "JC1": 2.0649,
    "JC2": 2.8561,
    "JC3": 3.0692,
    "min": 2.0649,
    "cluster": "C1"
  },
  {
    "JC1": 2.7745,
    "JC2": 2.8671,
    "JC3": 3.1353,
    "min": 2.7745,
    "cluster": "C1"
  },
  {
    "JC1": 3.3115,
    "JC2": 2.5339,
    "JC3": 3.018,
    "min": 2.5339,
    "cluster": "C2"
  },
  {
    "JC1": 1.8301,
    "JC2": 2.5161,
    "JC3": 3.1355,
    "min": 1.8301,
    "cluster": "C1"
  },
  {
    "JC1": 2.4264,
    "JC2": 2.4851,
    "JC3": 2.2892,
    "min": 2.2892,
    "cluster": "C3"
  },
  {
    "JC1": 1.9621,
    "JC2": 1.8729,
    "JC3": 2.1603,
    "min": 1.8729,
    "cluster": "C2"
  },
  {
    "JC1": 2.6535,
    "JC2": 2.8525,
    "JC3": 1.0925,
    "min": 1.0925,
    "cluster": "C3"
  },
  {
    "JC1": 1.3895,
    "JC2": 1.7539,
    "JC3": 2.5091,
    "min": 1.3895,
    "cluster": "C1"
  },
  {
    "JC1": 1.632,
    "JC2": 1.5842,
    "JC3": 2.6685,
    "min": 1.5842,
    "cluster": "C2"
  },
  {
    "JC1": 2.3175,
    "JC2": 2.9513,
    "JC3": 2.2183,
    "min": 2.2183,
    "cluster": "C3"
  },
  {
    "JC1": 2.7031,
    "JC2": 2.1147,
    "JC3": 2.85,
    "min": 2.1147,
    "cluster": "C2"
  },
  {
    "JC1": 1.4668,
    "JC2": 2.2089,
    "JC3": 3.0322,
    "min": 1.4668,
    "cluster": "C1"
  },
  {
    "JC1": 2.266,
    "JC2": 1.1112,
    "JC3": 2.9499,
    "min": 1.1112,
    "cluster": "C2"
  },
  {
    "JC1": 1.9619,
    "JC2": 1.7062,
    "JC3": 2.3927,
    "min": 1.7062,
    "cluster": "C2"
  },
  {
    "JC1": 1.9483,
    "JC2": 1.8882,
    "JC3": 2.1521,
    "min": 1.8882,
    "cluster": "C2"
  },
  {
    "JC1": 1.8723,
    "JC2": 2.1407,
    "JC3": 2.0986,
    "min": 1.8723,
    "cluster": "C1"
  },
  {
    "JC1": 2.5528,
    "JC2": 2.8962,
    "JC3": 3.9353,
    "min": 2.5528,
    "cluster": "C1"
  },
  {
    "JC1": 1.1437,
    "JC2": 1.9725,
    "JC3": 2.597,
    "min": 1.1437,
    "cluster": "C1"
  },
  {
    "JC1": 1.4156,
    "JC2": 1.0463,
    "JC3": 2.6024,
    "min": 1.0463,
    "cluster": "C2"
  },
  {
    "JC1": 2.4944,
    "JC2": 2.4984,
    "JC3": 1.4856,
    "min": 1.4856,
    "cluster": "C3"
  },
  {
    "JC1": 2.3121,
    "JC2": 2.9219,
    "JC3": 0.9689,
    "min": 0.9689,
    "cluster": "C3"
  },
  {
    "JC1": 2.4442,
    "JC2": 2.9306,
    "JC3": 0.9368,
    "min": 0.9368,
    "cluster": "C3"
  },
  {
    "JC1": 2.2355,
    "JC2": 2.7726,
    "JC3": 1.2371,
    "min": 1.2371,
    "cluster": "C3"
  },
  {
    "JC1": 1.6575,
    "JC2": 1.9748,
    "JC3": 2.3316,
    "min": 1.6575,
    "cluster": "C1"
  },
  {
    "JC1": 1.9137,
    "JC2": 2.2967,
    "JC3": 2.9196,
    "min": 1.9137,
    "cluster": "C1"
  },
  {
    "JC1": 3.1106,
    "JC2": 2.0541,
    "JC3": 3.4349,
    "min": 2.0541,
    "cluster": "C2"
  },
  {
    "JC1": 3.653,
    "JC2": 2.8445,
    "JC3": 4.7287,
    "min": 2.8445,
    "cluster": "C2"
  },
  {
    "JC1": 1.675,
    "JC2": 0.8842,
    "JC3": 2.7123,
    "min": 0.8842,
    "cluster": "C2"
  },
  {
    "JC1": 1.6622,
    "JC2": 1.4552,
    "JC3": 2.3936,
    "min": 1.4552,
    "cluster": "C2"
  },
  {
    "JC1": 2.6083,
    "JC2": 2.775,
    "JC3": 2.0469,
    "min": 2.0469,
    "cluster": "C3"
  },
  {
    "JC1": 2.3102,
    "JC2": 2.2695,
    "JC3": 2.1173,
    "min": 2.1173,
    "cluster": "C3"
  },
  {
    "JC1": 1.8928,
    "JC2": 2.2461,
    "JC3": 2.8499,
    "min": 1.8928,
    "cluster": "C1"
  },
  {
    "JC1": 2.2226,
    "JC2": 1.9501,
    "JC3": 2.1911,
    "min": 1.9501,
    "cluster": "C2"
  },
  {
    "JC1": 2.7817,
    "JC2": 2.9925,
    "JC3": 1.7769,
    "min": 1.7769,
    "cluster": "C3"
  },
  {
    "JC1": 2.7895,
    "JC2": 3.3952,
    "JC3": 2.5302,
    "min": 2.5302,
    "cluster": "C3"
  },
  {
    "JC1": 2.4684,
    "JC2": 3.0896,
    "JC3": 1.5471,
    "min": 1.5471,
    "cluster": "C3"
  },
  {
    "JC1": 2.0891,
    "JC2": 2.7043,
    "JC3": 2.0424,
    "min": 2.0424,
    "cluster": "C3"
  },
  {
    "JC1": 1.7574,
    "JC2": 1.4268,
    "JC3": 2.7816,
    "min": 1.4268,
    "cluster": "C2"
  },
  {
    "JC1": 2.1,
    "JC2": 1.6821,
    "JC3": 2.9294,
    "min": 1.6821,
    "cluster": "C2"
  },
  {
    "JC1": 2.2764,
    "JC2": 2.7033,
    "JC3": 1.4169,
    "min": 1.4169,
    "cluster": "C3"
  },
  {
    "JC1": 2.8965,
    "JC2": 2.7868,
    "JC3": 4.4758,
    "min": 2.7868,
    "cluster": "C2"
  },
  {
    "JC1": 2.6907,
    "JC2": 1.8835,
    "JC3": 3.4111,
    "min": 1.8835,
    "cluster": "C2"
  },
  {
    "JC1": 0.9999,
    "JC2": 1.8825,
    "JC3": 2.4919,
    "min": 0.9999,
    "cluster": "C1"
  },
  {
    "JC1": 2.2582,
    "JC2": 2.9042,
    "JC3": 1.3634,
    "min": 1.3634,
    "cluster": "C3"
  },
  {
    "JC1": 1.5864,
    "JC2": 2.0537,
    "JC3": 2.7101,
    "min": 1.5864,
    "cluster": "C1"
  },
  {
    "JC1": 2.5724,
    "JC2": 2.6244,
    "JC3": 1.5174,
    "min": 1.5174,
    "cluster": "C3"
  },
  {
    "JC1": 2.2748,
    "JC2": 2.8997,
    "JC3": 1.3019,
    "min": 1.3019,
    "cluster": "C3"
  },
  {
    "JC1": 2.5697,
    "JC2": 3.181,
    "JC3": 1.1237,
    "min": 1.1237,
    "cluster": "C3"
  },
  {
    "JC1": 1.478,
    "JC2": 2.3821,
    "JC3": 2.9479,
    "min": 1.478,
    "cluster": "C1"
  },
  {
    "JC1": 2.4858,
    "JC2": 2.6165,
    "JC3": 1.3738,
    "min": 1.3738,
    "cluster": "C3"
  },
  {
    "JC1": 2.9769,
    "JC2": 2.8722,
    "JC3": 1.9125,
    "min": 1.9125,
    "cluster": "C3"
  },
  {
    "JC1": 2.1851,
    "JC2": 3.0099,
    "JC3": 1.2934,
    "min": 1.2934,
    "cluster": "C3"
  },
  {
    "JC1": 1.1484,
    "JC2": 1.6772,
    "JC3": 2.5107,
    "min": 1.1484,
    "cluster": "C1"
  },
  {
    "JC1": 2.6273,
    "JC2": 2.6356,
    "JC3": 1.3242,
    "min": 1.3242,
    "cluster": "C3"
  },
  {
    "JC1": 1.5781,
    "JC2": 2.454,
    "JC3": 2.7131,
    "min": 1.5781,
    "cluster": "C1"
  },
  {
    "JC1": 2.8231,
    "JC2": 1.7842,
    "JC3": 2.9623,
    "min": 1.7842,
    "cluster": "C2"
  },
  {
    "JC1": 1.46,
    "JC2": 1.7996,
    "JC3": 2.3487,
    "min": 1.46,
    "cluster": "C1"
  },
  {
    "JC1": 2.4522,
    "JC2": 3.0251,
    "JC3": 1.2155,
    "min": 1.2155,
    "cluster": "C3"
  },
  {
    "JC1": 1.4491,
    "JC2": 2.2907,
    "JC3": 2.9352,
    "min": 1.4491,
    "cluster": "C1"
  },
  {
    "JC1": 1.3688,
    "JC2": 2.2257,
    "JC3": 2.4192,
    "min": 1.3688,
    "cluster": "C1"
  },
  {
    "JC1": 2.3676,
    "JC2": 1.8472,
    "JC3": 2.9562,
    "min": 1.8472,
    "cluster": "C2"
  },
  {
    "JC1": 1.4669,
    "JC2": 2.2343,
    "JC3": 2.161,
    "min": 1.4669,
    "cluster": "C1"
  },
  {
    "JC1": 3.0702,
    "JC2": 2.7855,
    "JC3": 1.7113,
    "min": 1.7113,
    "cluster": "C3"
  },
  {
    "JC1": 1.454,
    "JC2": 2.4048,
    "JC3": 2.11,
    "min": 1.454,
    "cluster": "C1"
  },
  {
    "JC1": 2.2952,
    "JC2": 1.9303,
    "JC3": 3.0209,
    "min": 1.9303,
    "cluster": "C2"
  },
  {
    "JC1": 1.7111,
    "JC2": 2.4267,
    "JC3": 2.0841,
    "min": 1.7111,
    "cluster": "C1"
  },
  {
    "JC1": 1.2215,
    "JC2": 1.7518,
    "JC3": 2.5743,
    "min": 1.2215,
    "cluster": "C1"
  },
  {
    "JC1": 2.1465,
    "JC2": 1.6713,
    "JC3": 2.8692,
    "min": 1.6713,
    "cluster": "C2"
  },
  {
    "JC1": 1.7779,
    "JC2": 2.4146,
    "JC3": 2.7347,
    "min": 1.7779,
    "cluster": "C1"
  },
  {
    "JC1": 3.2774,
    "JC2": 2.644,
    "JC3": 2.38,
    "min": 2.38,
    "cluster": "C3"
  },
  {
    "JC1": 1.7431,
    "JC2": 2.2253,
    "JC3": 1.8895,
    "min": 1.7431,
    "cluster": "C1"
  },
  {
    "JC1": 2.0393,
    "JC2": 2.6065,
    "JC3": 2.9807,
    "min": 2.0393,
    "cluster": "C1"
  },
  {
    "JC1": 2.5087,
    "JC2": 3.0893,
    "JC3": 1.0798,
    "min": 1.0798,
    "cluster": "C3"
  },
  {
    "JC1": 2.3249,
    "JC2": 3.0621,
    "JC3": 1.4808,
    "min": 1.4808,
    "cluster": "C3"
  },
  {
    "JC1": 2.4217,
    "JC2": 3.0174,
    "JC3": 0.9648,
    "min": 0.9648,
    "cluster": "C3"
  },
  {
    "JC1": 2.3209,
    "JC2": 2.8157,
    "JC3": 1.3016,
    "min": 1.3016,
    "cluster": "C3"
  },
  {
    "JC1": 1.6649,
    "JC2": 2.0053,
    "JC3": 1.9008,
    "min": 1.6649,
    "cluster": "C1"
  },
  {
    "JC1": 2.1249,
    "JC2": 2.6205,
    "JC3": 2.6122,
    "min": 2.1249,
    "cluster": "C1"
  },
  {
    "JC1": 2.5991,
    "JC2": 2.9748,
    "JC3": 0.8811,
    "min": 0.8811,
    "cluster": "C3"
  },
  {
    "JC1": 2.3405,
    "JC2": 2.9792,
    "JC3": 1.2406,
    "min": 1.2406,
    "cluster": "C3"
  },
  {
    "JC1": 2.1945,
    "JC2": 1.9686,
    "JC3": 2.9421,
    "min": 1.9686,
    "cluster": "C2"
  },
  {
    "JC1": 2.6478,
    "JC2": 2.0593,
    "JC3": 3.0277,
    "min": 2.0593,
    "cluster": "C2"
  },
  {
    "JC1": 2.9339,
    "JC2": 2.8805,
    "JC3": 1.4581,
    "min": 1.4581,
    "cluster": "C3"
  },
  {
    "JC1": 1.7297,
    "JC2": 2.5892,
    "JC3": 2.0448,
    "min": 1.7297,
    "cluster": "C1"
  },
  {
    "JC1": 1.7928,
    "JC2": 2.3713,
    "JC3": 2.6955,
    "min": 1.7928,
    "cluster": "C1"
  },
  {
    "JC1": 1.6918,
    "JC2": 2.3194,
    "JC3": 2.0671,
    "min": 1.6918,
    "cluster": "C1"
  },
  {
    "JC1": 2.3435,
    "JC2": 2.9838,
    "JC3": 1.185,
    "min": 1.185,
    "cluster": "C3"
  },
  {
    "JC1": 2.4593,
    "JC2": 2.4271,
    "JC3": 1.9208,
    "min": 1.9208,
    "cluster": "C3"
  },
  {
    "JC1": 1.9943,
    "JC2": 1.9259,
    "JC3": 1.8616,
    "min": 1.8616,
    "cluster": "C3"
  },
  {
    "JC1": 2.6073,
    "JC2": 3.2886,
    "JC3": 1.1168,
    "min": 1.1168,
    "cluster": "C3"
  },
  {
    "JC1": 2.0796,
    "JC2": 2.8365,
    "JC3": 1.8379,
    "min": 1.8379,
    "cluster": "C3"
  },
  {
    "JC1": 2.1627,
    "JC2": 2.3129,
    "JC3": 2.5206,
    "min": 2.1627,
    "cluster": "C1"
  },
  {
    "JC1": 1.9939,
    "JC2": 1.7403,
    "JC3": 2.4308,
    "min": 1.7403,
    "cluster": "C2"
  },
  {
    "JC1": 2.2765,
    "JC2": 2.3695,
    "JC3": 3.3637,
    "min": 2.2765,
    "cluster": "C1"
  },
  {
    "JC1": 2.7049,
    "JC2": 1.9841,
    "JC3": 3.0622,
    "min": 1.9841,
    "cluster": "C2"
  },
  {
    "JC1": 2.4748,
    "JC2": 2.7579,
    "JC3": 1.7246,
    "min": 1.7246,
    "cluster": "C3"
  },
  {
    "JC1": 3.213,
    "JC2": 2.8782,
    "JC3": 2.242,
    "min": 2.242,
    "cluster": "C3"
  },
  {
    "JC1": 2.609,
    "JC2": 3.1356,
    "JC3": 1.076,
    "min": 1.076,
    "cluster": "C3"
  },
  {
    "JC1": 1.5495,
    "JC2": 2.5135,
    "JC3": 2.003,
    "min": 1.5495,
    "cluster": "C1"
  },
  {
    "JC1": 2.9516,
    "JC2": 2.8543,
    "JC3": 1.4663,
    "min": 1.4663,
    "cluster": "C3"
  },
  {
    "JC1": 1.9126,
    "JC2": 2.7919,
    "JC3": 1.7915,
    "min": 1.7915,
    "cluster": "C3"
  },
  {
    "JC1": 2.5464,
    "JC2": 3.132,
    "JC3": 3.0996,
    "min": 2.5464,
    "cluster": "C1"
  },
  {
    "JC1": 3.2445,
    "JC2": 2.9439,
    "JC3": 2.3083,
    "min": 2.3083,
    "cluster": "C3"
  },
  {
    "JC1": 2.7528,
    "JC2": 2.8287,
    "JC3": 1.2433,
    "min": 1.2433,
    "cluster": "C3"
  },
  {
    "JC1": 2.3891,
    "JC2": 2.8019,
    "JC3": 3.7811,
    "min": 2.3891,
    "cluster": "C1"
  },
  {
    "JC1": 2.5847,
    "JC2": 3.1622,
    "JC3": 1.2458,
    "min": 1.2458,
    "cluster": "C3"
  },
  {
    "JC1": 2.5073,
    "JC2": 3.0582,
    "JC3": 1.0635,
    "min": 1.0635,
    "cluster": "C3"
  },
  {
    "JC1": 3.4656,
    "JC2": 2.6766,
    "JC3": 4.2631,
    "min": 2.6766,
    "cluster": "C2"
  },
  {
    "JC1": 2.6429,
    "JC2": 1.7587,
    "JC3": 3.5103,
    "min": 1.7587,
    "cluster": "C2"
  },
  {
    "JC1": 2.2502,
    "JC2": 2.7106,
    "JC3": 1.6101,
    "min": 1.6101,
    "cluster": "C3"
  },
  {
    "JC1": 2.5375,
    "JC2": 2.9196,
    "JC3": 0.9756,
    "min": 0.9756,
    "cluster": "C3"
  },
  {
    "JC1": 1.8128,
    "JC2": 1.9486,
    "JC3": 2.8531,
    "min": 1.8128,
    "cluster": "C1"
  },
  {
    "JC1": 2.8097,
    "JC2": 2.3782,
    "JC3": 2.8924,
    "min": 2.3782,
    "cluster": "C2"
  },
  {
    "JC1": 1.4758,
    "JC2": 1.9262,
    "JC3": 2.0785,
    "min": 1.4758,
    "cluster": "C1"
  },
  {
    "JC1": 2.5728,
    "JC2": 3.2689,
    "JC3": 1.0854,
    "min": 1.0854,
    "cluster": "C3"
  },
  {
    "JC1": 2.0484,
    "JC2": 2.4758,
    "JC3": 1.4208,
    "min": 1.4208,
    "cluster": "C3"
  },
  {
    "JC1": 2.3871,
    "JC2": 2.7759,
    "JC3": 0.9612,
    "min": 0.9612,
    "cluster": "C3"
  },
  {
    "JC1": 1.4817,
    "JC2": 1.5271,
    "JC3": 2.5464,
    "min": 1.4817,
    "cluster": "C1"
  },
  {
    "JC1": 1.6821,
    "JC2": 2.5156,
    "JC3": 2.2709,
    "min": 1.6821,
    "cluster": "C1"
  },
  {
    "JC1": 2.5797,
    "JC2": 3.2726,
    "JC3": 1.1534,
    "min": 1.1534,
    "cluster": "C3"
  },
  {
    "JC1": 2.2783,
    "JC2": 2.8166,
    "JC3": 1.6277,
    "min": 1.6277,
    "cluster": "C3"
  },
  {
    "JC1": 2.1948,
    "JC2": 2.6005,
    "JC3": 1.359,
    "min": 1.359,
    "cluster": "C3"
  },
  {
    "JC1": 1.9467,
    "JC2": 2.6415,
    "JC3": 1.7035,
    "min": 1.7035,
    "cluster": "C3"
  },
  {
    "JC1": 1.5449,
    "JC2": 1.4536,
    "JC3": 2.6794,
    "min": 1.4536,
    "cluster": "C2"
  },
  {
    "JC1": 2.0282,
    "JC2": 1.6169,
    "JC3": 2.4816,
    "min": 1.6169,
    "cluster": "C2"
  },
  {
    "JC1": 2.4411,
    "JC2": 1.8866,
    "JC3": 3.4625,
    "min": 1.8866,
    "cluster": "C2"
  },
  {
    "JC1": 2.2653,
    "JC2": 2.7144,
    "JC3": 1.7091,
    "min": 1.7091,
    "cluster": "C3"
  },
  {
    "JC1": 1.8957,
    "JC2": 2.6126,
    "JC3": 1.737,
    "min": 1.737,
    "cluster": "C3"
  },
  {
    "JC1": 1.735,
    "JC2": 1.663,
    "JC3": 2.3774,
    "min": 1.663,
    "cluster": "C2"
  },
  {
    "JC1": 2.4776,
    "JC2": 3.1621,
    "JC3": 1.0692,
    "min": 1.0692,
    "cluster": "C3"
  },
  {
    "JC1": 2.363,
    "JC2": 3.0698,
    "JC3": 1.1828,
    "min": 1.1828,
    "cluster": "C3"
  },
  {
    "JC1": 2.0404,
    "JC2": 2.1841,
    "JC3": 2.7526,
    "min": 2.0404,
    "cluster": "C1"
  },
  {
    "JC1": 2.5068,
    "JC2": 2.5181,
    "JC3": 2.203,
    "min": 2.203,
    "cluster": "C3"
  },
  {
    "JC1": 2.3797,
    "JC2": 3.0685,
    "JC3": 1.1639,
    "min": 1.1639,
    "cluster": "C3"
  },
  {
    "JC1": 1.5753,
    "JC2": 1.4668,
    "JC3": 2.4327,
    "min": 1.4668,
    "cluster": "C2"
  },
  {
    "JC1": 1.2822,
    "JC2": 1.9965,
    "JC3": 2.3102,
    "min": 1.2822,
    "cluster": "C1"
  },
  {
    "JC1": 2.0734,
    "JC2": 2.6952,
    "JC3": 1.4266,
    "min": 1.4266,
    "cluster": "C3"
  },
  {
    "JC1": 2.7732,
    "JC2": 2.299,
    "JC3": 2.6216,
    "min": 2.299,
    "cluster": "C2"
  },
  {
    "JC1": 1.6245,
    "JC2": 1.192,
    "JC3": 2.7315,
    "min": 1.192,
    "cluster": "C2"
  },
  {
    "JC1": 1.6663,
    "JC2": 1.4687,
    "JC3": 2.5426,
    "min": 1.4687,
    "cluster": "C2"
  },
  {
    "JC1": 1.4656,
    "JC2": 1.327,
    "JC3": 2.5229,
    "min": 1.327,
    "cluster": "C2"
  },
  {
    "JC1": 2.7,
    "JC2": 2.9407,
    "JC3": 2.0167,
    "min": 2.0167,
    "cluster": "C3"
  },
  {
    "JC1": 3.254,
    "JC2": 2.9989,
    "JC3": 2.8899,
    "min": 2.8899,
    "cluster": "C3"
  },
  {
    "JC1": 2.3335,
    "JC2": 2.155,
    "JC3": 3.1954,
    "min": 2.155,
    "cluster": "C2"
  },
  {
    "JC1": 2.0113,
    "JC2": 1.6027,
    "JC3": 2.6366,
    "min": 1.6027,
    "cluster": "C2"
  },
  {
    "JC1": 2.2816,
    "JC2": 2.6931,
    "JC3": 1.2194,
    "min": 1.2194,
    "cluster": "C3"
  },
  {
    "JC1": 1.8385,
    "JC2": 2.4249,
    "JC3": 1.7738,
    "min": 1.7738,
    "cluster": "C3"
  },
  {
    "JC1": 1.82,
    "JC2": 1.9781,
    "JC3": 2.0539,
    "min": 1.82,
    "cluster": "C1"
  },
  {
    "JC1": 2.0498,
    "JC2": 2.5593,
    "JC3": 2.1695,
    "min": 2.0498,
    "cluster": "C1"
  },
  {
    "JC1": 1.8673,
    "JC2": 0.9682,
    "JC3": 2.8067,
    "min": 0.9682,
    "cluster": "C2"
  },
  {
    "JC1": 2.0733,
    "JC2": 2.6924,
    "JC3": 1.8321,
    "min": 1.8321,
    "cluster": "C3"
  },
  {
    "JC1": 2.2125,
    "JC2": 2.983,
    "JC3": 1.3005,
    "min": 1.3005,
    "cluster": "C3"
  },
  {
    "JC1": 1.6627,
    "JC2": 2.4646,
    "JC3": 1.8004,
    "min": 1.6627,
    "cluster": "C1"
  },
  {
    "JC1": 1.7,
    "JC2": 1.8682,
    "JC3": 1.9849,
    "min": 1.7,
    "cluster": "C1"
  },
  {
    "JC1": 1.9841,
    "JC2": 2.6748,
    "JC3": 1.7615,
    "min": 1.7615,
    "cluster": "C3"
  },
  {
    "JC1": 1.8,
    "JC2": 1.9457,
    "JC3": 2.0609,
    "min": 1.8,
    "cluster": "C1"
  },
  {
    "JC1": 2.2023,
    "JC2": 2.7175,
    "JC3": 1.6089,
    "min": 1.6089,
    "cluster": "C3"
  },
  {
    "JC1": 2.5236,
    "JC2": 3.0821,
    "JC3": 1.1533,
    "min": 1.1533,
    "cluster": "C3"
  },
  {
    "JC1": 1.5957,
    "JC2": 1.5166,
    "JC3": 2.3231,
    "min": 1.5166,
    "cluster": "C2"
  },
  {
    "JC1": 1.9125,
    "JC2": 1.9174,
    "JC3": 2.9408,
    "min": 1.9125,
    "cluster": "C1"
  },
  {
    "JC1": 2.3326,
    "JC2": 2.0119,
    "JC3": 2.4079,
    "min": 2.0119,
    "cluster": "C2"
  },
  {
    "JC1": 2.6029,
    "JC2": 3.2944,
    "JC3": 1.1035,
    "min": 1.1035,
    "cluster": "C3"
  },
  {
    "JC1": 2.5716,
    "JC2": 2.5426,
    "JC3": 3.2353,
    "min": 2.5426,
    "cluster": "C2"
  },
  {
    "JC1": 1.8615,
    "JC2": 2.176,
    "JC3": 1.8393,
    "min": 1.8393,
    "cluster": "C3"
  },
  {
    "JC1": 1.8615,
    "JC2": 2.176,
    "JC3": 1.8393,
    "min": 1.8393,
    "cluster": "C3"
  },
  {
    "JC1": 2.5716,
    "JC2": 2.5426,
    "JC3": 3.2353,
    "min": 2.5426,
    "cluster": "C2"
  },
  {
    "JC1": 2.6029,
    "JC2": 3.2944,
    "JC3": 1.1035,
    "min": 1.1035,
    "cluster": "C3"
  },
  {
    "JC1": 2.3326,
    "JC2": 2.0119,
    "JC3": 2.4079,
    "min": 2.0119,
    "cluster": "C2"
  },
  {
    "JC1": 1.9125,
    "JC2": 1.9174,
    "JC3": 2.9408,
    "min": 1.9125,
    "cluster": "C1"
  },
  {
    "JC1": 1.5957,
    "JC2": 1.5166,
    "JC3": 2.3231,
    "min": 1.5166,
    "cluster": "C2"
  },
  {
    "JC1": 2.5236,
    "JC2": 3.0821,
    "JC3": 1.1533,
    "min": 1.1533,
    "cluster": "C3"
  },
  {
    "JC1": 2.2023,
    "JC2": 2.7175,
    "JC3": 1.6089,
    "min": 1.6089,
    "cluster": "C3"
  },
  {
    "JC1": 1.8,
    "JC2": 1.9457,
    "JC3": 2.0609,
    "min": 1.8,
    "cluster": "C1"
  },
  {
    "JC1": 1.9841,
    "JC2": 2.6748,
    "JC3": 1.7615,
    "min": 1.7615,
    "cluster": "C3"
  },
  {
    "JC1": 1.7,
    "JC2": 1.8682,
    "JC3": 1.9849,
    "min": 1.7,
    "cluster": "C1"
  },
  {
    "JC1": 1.6627,
    "JC2": 2.4646,
    "JC3": 1.8004,
    "min": 1.6627,
    "cluster": "C1"
  },
  {
    "JC1": 2.2125,
    "JC2": 2.983,
    "JC3": 1.3005,
    "min": 1.3005,
    "cluster": "C3"
  },
  {
    "JC1": 2.0733,
    "JC2": 2.6924,
    "JC3": 1.8321,
    "min": 1.8321,
    "cluster": "C3"
  },
  {
    "JC1": 1.8673,
    "JC2": 0.9682,
    "JC3": 2.8067,
    "min": 0.9682,
    "cluster": "C2"
  },
  {
    "JC1": 2.0498,
    "JC2": 2.5593,
    "JC3": 2.1695,
    "min": 2.0498,
    "cluster": "C1"
  },
  {
    "JC1": 1.82,
    "JC2": 1.9781,
    "JC3": 2.0539,
    "min": 1.82,
    "cluster": "C1"
  },
  {
    "JC1": 1.8385,
    "JC2": 2.4249,
    "JC3": 1.7738,
    "min": 1.7738,
    "cluster": "C3"
  },
  {
    "JC1": 2.2816,
    "JC2": 2.6931,
    "JC3": 1.2194,
    "min": 1.2194,
    "cluster": "C3"
  },
  {
    "JC1": 2.0113,
    "JC2": 1.6027,
    "JC3": 2.6366,
    "min": 1.6027,
    "cluster": "C2"
  },
  {
    "JC1": 2.3335,
    "JC2": 2.155,
    "JC3": 3.1954,
    "min": 2.155,
    "cluster": "C2"
  },
  {
    "JC1": 3.254,
    "JC2": 2.9989,
    "JC3": 2.8899,
    "min": 2.8899,
    "cluster": "C3"
  },
  {
    "JC1": 2.7,
    "JC2": 2.9407,
    "JC3": 2.0167,
    "min": 2.0167,
    "cluster": "C3"
  },
  {
    "JC1": 1.4656,
    "JC2": 1.327,
    "JC3": 2.5229,
    "min": 1.327,
    "cluster": "C2"
  },
  {
    "JC1": 1.6663,
    "JC2": 1.4687,
    "JC3": 2.5426,
    "min": 1.4687,
    "cluster": "C2"
  },
  {
    "JC1": 1.6245,
    "JC2": 1.192,
    "JC3": 2.7315,
    "min": 1.192,
    "cluster": "C2"
  },
  {
    "JC1": 2.7732,
    "JC2": 2.299,
    "JC3": 2.6216,
    "min": 2.299,
    "cluster": "C2"
  },
  {
    "JC1": 2.0734,
    "JC2": 2.6952,
    "JC3": 1.4266,
    "min": 1.4266,
    "cluster": "C3"
  },
  {
    "JC1": 1.2822,
    "JC2": 1.9965,
    "JC3": 2.3102,
    "min": 1.2822,
    "cluster": "C1"
  },
  {
    "JC1": 1.5753,
    "JC2": 1.4668,
    "JC3": 2.4327,
    "min": 1.4668,
    "cluster": "C2"
  },
  {
    "JC1": 2.3797,
    "JC2": 3.0685,
    "JC3": 1.1639,
    "min": 1.1639,
    "cluster": "C3"
  },
  {
    "JC1": 2.5068,
    "JC2": 2.5181,
    "JC3": 2.203,
    "min": 2.203,
    "cluster": "C3"
  },
  {
    "JC1": 2.0404,
    "JC2": 2.1841,
    "JC3": 2.7526,
    "min": 2.0404,
    "cluster": "C1"
  },
  {
    "JC1": 2.363,
    "JC2": 3.0698,
    "JC3": 1.1828,
    "min": 1.1828,
    "cluster": "C3"
  },
  {
    "JC1": 2.4776,
    "JC2": 3.1621,
    "JC3": 1.0692,
    "min": 1.0692,
    "cluster": "C3"
  },
  {
    "JC1": 1.735,
    "JC2": 1.663,
    "JC3": 2.3774,
    "min": 1.663,
    "cluster": "C2"
  },
  {
    "JC1": 1.8957,
    "JC2": 2.6126,
    "JC3": 1.737,
    "min": 1.737,
    "cluster": "C3"
  },
  {
    "JC1": 2.2653,
    "JC2": 2.7144,
    "JC3": 1.7091,
    "min": 1.7091,
    "cluster": "C3"
  },
  {
    "JC1": 2.4411,
    "JC2": 1.8866,
    "JC3": 3.4625,
    "min": 1.8866,
    "cluster": "C2"
  },
  {
    "JC1": 2.0282,
    "JC2": 1.6169,
    "JC3": 2.4816,
    "min": 1.6169,
    "cluster": "C2"
  },
  {
    "JC1": 1.5449,
    "JC2": 1.4536,
    "JC3": 2.6794,
    "min": 1.4536,
    "cluster": "C2"
  },
  {
    "JC1": 1.9467,
    "JC2": 2.6415,
    "JC3": 1.7035,
    "min": 1.7035,
    "cluster": "C3"
  },
  {
    "JC1": 2.1948,
    "JC2": 2.6005,
    "JC3": 1.359,
    "min": 1.359,
    "cluster": "C3"
  },
  {
    "JC1": 2.2783,
    "JC2": 2.8166,
    "JC3": 1.6277,
    "min": 1.6277,
    "cluster": "C3"
  },
  {
    "JC1": 2.5797,
    "JC2": 3.2726,
    "JC3": 1.1534,
    "min": 1.1534,
    "cluster": "C3"
  },
  {
    "JC1": 1.6821,
    "JC2": 2.5156,
    "JC3": 2.2709,
    "min": 1.6821,
    "cluster": "C1"
  },
  {
    "JC1": 1.4817,
    "JC2": 1.5271,
    "JC3": 2.5464,
    "min": 1.4817,
    "cluster": "C1"
  },
  {
    "JC1": 2.3871,
    "JC2": 2.7759,
    "JC3": 0.9612,
    "min": 0.9612,
    "cluster": "C3"
  },
  {
    "JC1": 2.0484,
    "JC2": 2.4758,
    "JC3": 1.4208,
    "min": 1.4208,
    "cluster": "C3"
  },
  {
    "JC1": 2.5728,
    "JC2": 3.2689,
    "JC3": 1.0854,
    "min": 1.0854,
    "cluster": "C3"
  },
  {
    "JC1": 1.4758,
    "JC2": 1.9262,
    "JC3": 2.0785,
    "min": 1.4758,
    "cluster": "C1"
  },
  {
    "JC1": 2.8097,
    "JC2": 2.3782,
    "JC3": 2.8924,
    "min": 2.3782,
    "cluster": "C2"
  },
  {
    "JC1": 1.8128,
    "JC2": 1.9486,
    "JC3": 2.8531,
    "min": 1.8128,
    "cluster": "C1"
  },
  {
    "JC1": 2.5375,
    "JC2": 2.9196,
    "JC3": 0.9756,
    "min": 0.9756,
    "cluster": "C3"
  },
  {
    "JC1": 2.2502,
    "JC2": 2.7106,
    "JC3": 1.6101,
    "min": 1.6101,
    "cluster": "C3"
  },
  {
    "JC1": 2.6429,
    "JC2": 1.7587,
    "JC3": 3.5103,
    "min": 1.7587,
    "cluster": "C2"
  },
  {
    "JC1": 3.4656,
    "JC2": 2.6766,
    "JC3": 4.2631,
    "min": 2.6766,
    "cluster": "C2"
  },
  {
    "JC1": 2.5073,
    "JC2": 3.0582,
    "JC3": 1.0635,
    "min": 1.0635,
    "cluster": "C3"
  },
  {
    "JC1": 2.5847,
    "JC2": 3.1622,
    "JC3": 1.2458,
    "min": 1.2458,
    "cluster": "C3"
  },
  {
    "JC1": 2.3891,
    "JC2": 2.8019,
    "JC3": 3.7811,
    "min": 2.3891,
    "cluster": "C1"
  },
  {
    "JC1": 2.7528,
    "JC2": 2.8287,
    "JC3": 1.2433,
    "min": 1.2433,
    "cluster": "C3"
  },
  {
    "JC1": 3.2445,
    "JC2": 2.9439,
    "JC3": 2.3083,
    "min": 2.3083,
    "cluster": "C3"
  },
  {
    "JC1": 2.5464,
    "JC2": 3.132,
    "JC3": 3.0996,
    "min": 2.5464,
    "cluster": "C1"
  },
  {
    "JC1": 1.9126,
    "JC2": 2.7919,
    "JC3": 1.7915,
    "min": 1.7915,
    "cluster": "C3"
  },
  {
    "JC1": 2.9516,
    "JC2": 2.8543,
    "JC3": 1.4663,
    "min": 1.4663,
    "cluster": "C3"
  },
  {
    "JC1": 1.5495,
    "JC2": 2.5135,
    "JC3": 2.003,
    "min": 1.5495,
    "cluster": "C1"
  },
  {
    "JC1": 2.609,
    "JC2": 3.1356,
    "JC3": 1.076,
    "min": 1.076,
    "cluster": "C3"
  },
  {
    "JC1": 3.213,
    "JC2": 2.8782,
    "JC3": 2.242,
    "min": 2.242,
    "cluster": "C3"
  },
  {
    "JC1": 2.4748,
    "JC2": 2.7579,
    "JC3": 1.7246,
    "min": 1.7246,
    "cluster": "C3"
  },
  {
    "JC1": 2.7049,
    "JC2": 1.9841,
    "JC3": 3.0622,
    "min": 1.9841,
    "cluster": "C2"
  },
  {
    "JC1": 2.2765,
    "JC2": 2.3695,
    "JC3": 3.3637,
    "min": 2.2765,
    "cluster": "C1"
  },
  {
    "JC1": 1.9939,
    "JC2": 1.7403,
    "JC3": 2.4308,
    "min": 1.7403,
    "cluster": "C2"
  },
  {
    "JC1": 2.1627,
    "JC2": 2.3129,
    "JC3": 2.5206,
    "min": 2.1627,
    "cluster": "C1"
  },
  {
    "JC1": 2.0796,
    "JC2": 2.8365,
    "JC3": 1.8379,
    "min": 1.8379,
    "cluster": "C3"
  },
  {
    "JC1": 2.6073,
    "JC2": 3.2886,
    "JC3": 1.1168,
    "min": 1.1168,
    "cluster": "C3"
  },
  {
    "JC1": 1.9943,
    "JC2": 1.9259,
    "JC3": 1.8616,
    "min": 1.8616,
    "cluster": "C3"
  },
  {
    "JC1": 2.4593,
    "JC2": 2.4271,
    "JC3": 1.9208,
    "min": 1.9208,
    "cluster": "C3"
  },
  {
    "JC1": 2.3435,
    "JC2": 2.9838,
    "JC3": 1.185,
    "min": 1.185,
    "cluster": "C3"
  },
  {
    "JC1": 1.6918,
    "JC2": 2.3194,
    "JC3": 2.0671,
    "min": 1.6918,
    "cluster": "C1"
  },
  {
    "JC1": 1.7928,
    "JC2": 2.3713,
    "JC3": 2.6955,
    "min": 1.7928,
    "cluster": "C1"
  },
  {
    "JC1": 1.7297,
    "JC2": 2.5892,
    "JC3": 2.0448,
    "min": 1.7297,
    "cluster": "C1"
  },
  {
    "JC1": 2.9339,
    "JC2": 2.8805,
    "JC3": 1.4581,
    "min": 1.4581,
    "cluster": "C3"
  },
  {
    "JC1": 2.6478,
    "JC2": 2.0593,
    "JC3": 3.0277,
    "min": 2.0593,
    "cluster": "C2"
  },
  {
    "JC1": 2.1945,
    "JC2": 1.9686,
    "JC3": 2.9421,
    "min": 1.9686,
    "cluster": "C2"
  },
  {
    "JC1": 2.3405,
    "JC2": 2.9792,
    "JC3": 1.2406,
    "min": 1.2406,
    "cluster": "C3"
  },
  {
    "JC1": 2.5991,
    "JC2": 2.9748,
    "JC3": 0.8811,
    "min": 0.8811,
    "cluster": "C3"
  },
  {
    "JC1": 2.1249,
    "JC2": 2.6205,
    "JC3": 2.6122,
    "min": 2.1249,
    "cluster": "C1"
  },
  {
    "JC1": 1.6649,
    "JC2": 2.0053,
    "JC3": 1.9008,
    "min": 1.6649,
    "cluster": "C1"
  },
  {
    "JC1": 2.3209,
    "JC2": 2.8157,
    "JC3": 1.3016,
    "min": 1.3016,
    "cluster": "C3"
  },
  {
    "JC1": 2.4217,
    "JC2": 3.0174,
    "JC3": 0.9648,
    "min": 0.9648,
    "cluster": "C3"
  },
  {
    "JC1": 2.3249,
    "JC2": 3.0621,
    "JC3": 1.4808,
    "min": 1.4808,
    "cluster": "C3"
  },
  {
    "JC1": 2.5087,
    "JC2": 3.0893,
    "JC3": 1.0798,
    "min": 1.0798,
    "cluster": "C3"
  },
  {
    "JC1": 2.0393,
    "JC2": 2.6065,
    "JC3": 2.9807,
    "min": 2.0393,
    "cluster": "C1"
  },
  {
    "JC1": 1.7431,
    "JC2": 2.2253,
    "JC3": 1.8895,
    "min": 1.7431,
    "cluster": "C1"
  },
  {
    "JC1": 3.2774,
    "JC2": 2.644,
    "JC3": 2.38,
    "min": 2.38,
    "cluster": "C3"
  },
  {
    "JC1": 1.7779,
    "JC2": 2.4146,
    "JC3": 2.7347,
    "min": 1.7779,
    "cluster": "C1"
  },
  {
    "JC1": 2.1465,
    "JC2": 1.6713,
    "JC3": 2.8692,
    "min": 1.6713,
    "cluster": "C2"
  },
  {
    "JC1": 1.2215,
    "JC2": 1.7518,
    "JC3": 2.5743,
    "min": 1.2215,
    "cluster": "C1"
  },
  {
    "JC1": 1.7111,
    "JC2": 2.4267,
    "JC3": 2.0841,
    "min": 1.7111,
    "cluster": "C1"
  },
  {
    "JC1": 2.2952,
    "JC2": 1.9303,
    "JC3": 3.0209,
    "min": 1.9303,
    "cluster": "C2"
  },
  {
    "JC1": 1.454,
    "JC2": 2.4048,
    "JC3": 2.11,
    "min": 1.454,
    "cluster": "C1"
  },
  {
    "JC1": 3.0702,
    "JC2": 2.7855,
    "JC3": 1.7113,
    "min": 1.7113,
    "cluster": "C3"
  },
  {
    "JC1": 1.4669,
    "JC2": 2.2343,
    "JC3": 2.161,
    "min": 1.4669,
    "cluster": "C1"
  },
  {
    "JC1": 2.3676,
    "JC2": 1.8472,
    "JC3": 2.9562,
    "min": 1.8472,
    "cluster": "C2"
  },
  {
    "JC1": 1.3688,
    "JC2": 2.2257,
    "JC3": 2.4192,
    "min": 1.3688,
    "cluster": "C1"
  },
  {
    "JC1": 1.4491,
    "JC2": 2.2907,
    "JC3": 2.9352,
    "min": 1.4491,
    "cluster": "C1"
  },
  {
    "JC1": 2.4522,
    "JC2": 3.0251,
    "JC3": 1.2155,
    "min": 1.2155,
    "cluster": "C3"
  },
  {
    "JC1": 1.46,
    "JC2": 1.7996,
    "JC3": 2.3487,
    "min": 1.46,
    "cluster": "C1"
  },
  {
    "JC1": 2.8231,
    "JC2": 1.7842,
    "JC3": 2.9623,
    "min": 1.7842,
    "cluster": "C2"
  },
  {
    "JC1": 1.5781,
    "JC2": 2.454,
    "JC3": 2.7131,
    "min": 1.5781,
    "cluster": "C1"
  },
  {
    "JC1": 2.6273,
    "JC2": 2.6356,
    "JC3": 1.3242,
    "min": 1.3242,
    "cluster": "C3"
  },
  {
    "JC1": 1.1484,
    "JC2": 1.6772,
    "JC3": 2.5107,
    "min": 1.1484,
    "cluster": "C1"
  },
  {
    "JC1": 2.1851,
    "JC2": 3.0099,
    "JC3": 1.2934,
    "min": 1.2934,
    "cluster": "C3"
  },
  {
    "JC1": 2.9769,
    "JC2": 2.8722,
    "JC3": 1.9125,
    "min": 1.9125,
    "cluster": "C3"
  },
  {
    "JC1": 2.4858,
    "JC2": 2.6165,
    "JC3": 1.3738,
    "min": 1.3738,
    "cluster": "C3"
  },
  {
    "JC1": 1.478,
    "JC2": 2.3821,
    "JC3": 2.9479,
    "min": 1.478,
    "cluster": "C1"
  },
  {
    "JC1": 2.5697,
    "JC2": 3.181,
    "JC3": 1.1237,
    "min": 1.1237,
    "cluster": "C3"
  },
  {
    "JC1": 2.2748,
    "JC2": 2.8997,
    "JC3": 1.3019,
    "min": 1.3019,
    "cluster": "C3"
  },
  {
    "JC1": 2.5724,
    "JC2": 2.6244,
    "JC3": 1.5174,
    "min": 1.5174,
    "cluster": "C3"
  },
  {
    "JC1": 1.5864,
    "JC2": 2.0537,
    "JC3": 2.7101,
    "min": 1.5864,
    "cluster": "C1"
  },
  {
    "JC1": 2.2582,
    "JC2": 2.9042,
    "JC3": 1.3634,
    "min": 1.3634,
    "cluster": "C3"
  },
  {
    "JC1": 0.9999,
    "JC2": 1.8825,
    "JC3": 2.4919,
    "min": 0.9999,
    "cluster": "C1"
  },
  {
    "JC1": 2.6907,
    "JC2": 1.8835,
    "JC3": 3.4111,
    "min": 1.8835,
    "cluster": "C2"
  },
  {
    "JC1": 2.8965,
    "JC2": 2.7868,
    "JC3": 4.4758,
    "min": 2.7868,
    "cluster": "C2"
  },
  {
    "JC1": 2.2764,
    "JC2": 2.7033,
    "JC3": 1.4169,
    "min": 1.4169,
    "cluster": "C3"
  },
  {
    "JC1": 2.1,
    "JC2": 1.6821,
    "JC3": 2.9294,
    "min": 1.6821,
    "cluster": "C2"
  },
  {
    "JC1": 1.7574,
    "JC2": 1.4268,
    "JC3": 2.7816,
    "min": 1.4268,
    "cluster": "C2"
  },
  {
    "JC1": 2.0891,
    "JC2": 2.7043,
    "JC3": 2.0424,
    "min": 2.0424,
    "cluster": "C3"
  },
  {
    "JC1": 2.4684,
    "JC2": 3.0896,
    "JC3": 1.5471,
    "min": 1.5471,
    "cluster": "C3"
  },
  {
    "JC1": 2.7895,
    "JC2": 3.3952,
    "JC3": 2.5302,
    "min": 2.5302,
    "cluster": "C3"
  },
  {
    "JC1": 2.7817,
    "JC2": 2.9925,
    "JC3": 1.7769,
    "min": 1.7769,
    "cluster": "C3"
  },
  {
    "JC1": 2.2226,
    "JC2": 1.9501,
    "JC3": 2.1911,
    "min": 1.9501,
    "cluster": "C2"
  },
  {
    "JC1": 1.8928,
    "JC2": 2.2461,
    "JC3": 2.8499,
    "min": 1.8928,
    "cluster": "C1"
  },
  {
    "JC1": 2.3102,
    "JC2": 2.2695,
    "JC3": 2.1173,
    "min": 2.1173,
    "cluster": "C3"
  },
  {
    "JC1": 2.6083,
    "JC2": 2.775,
    "JC3": 2.0469,
    "min": 2.0469,
    "cluster": "C3"
  },
  {
    "JC1": 1.6622,
    "JC2": 1.4552,
    "JC3": 2.3936,
    "min": 1.4552,
    "cluster": "C2"
  },
  {
    "JC1": 1.675,
    "JC2": 0.8842,
    "JC3": 2.7123,
    "min": 0.8842,
    "cluster": "C2"
  },
  {
    "JC1": 3.653,
    "JC2": 2.8445,
    "JC3": 4.7287,
    "min": 2.8445,
    "cluster": "C2"
  },
  {
    "JC1": 3.1106,
    "JC2": 2.0541,
    "JC3": 3.4349,
    "min": 2.0541,
    "cluster": "C2"
  },
  {
    "JC1": 1.9137,
    "JC2": 2.2967,
    "JC3": 2.9196,
    "min": 1.9137,
    "cluster": "C1"
  },
  {
    "JC1": 1.6575,
    "JC2": 1.9748,
    "JC3": 2.3316,
    "min": 1.6575,
    "cluster": "C1"
  },
  {
    "JC1": 2.2355,
    "JC2": 2.7726,
    "JC3": 1.2371,
    "min": 1.2371,
    "cluster": "C3"
  },
  {
    "JC1": 2.4442,
    "JC2": 2.9306,
    "JC3": 0.9368,
    "min": 0.9368,
    "cluster": "C3"
  },
  {
    "JC1": 2.3121,
    "JC2": 2.9219,
    "JC3": 0.9689,
    "min": 0.9689,
    "cluster": "C3"
  },
  {
    "JC1": 2.4944,
    "JC2": 2.4984,
    "JC3": 1.4856,
    "min": 1.4856,
    "cluster": "C3"
  },
  {
    "JC1": 1.4156,
    "JC2": 1.0463,
    "JC3": 2.6024,
    "min": 1.0463,
    "cluster": "C2"
  },
  {
    "JC1": 1.1437,
    "JC2": 1.9725,
    "JC3": 2.597,
    "min": 1.1437,
    "cluster": "C1"
  },
  {
    "JC1": 2.5528,
    "JC2": 2.8962,
    "JC3": 3.9353,
    "min": 2.5528,
    "cluster": "C1"
  },
  {
    "JC1": 1.8723,
    "JC2": 2.1407,
    "JC3": 2.0986,
    "min": 1.8723,
    "cluster": "C1"
  },
  {
    "JC1": 1.9483,
    "JC2": 1.8882,
    "JC3": 2.1521,
    "min": 1.8882,
    "cluster": "C2"
  },
  {
    "JC1": 1.9619,
    "JC2": 1.7062,
    "JC3": 2.3927,
    "min": 1.7062,
    "cluster": "C2"
  },
  {
    "JC1": 2.266,
    "JC2": 1.1112,
    "JC3": 2.9499,
    "min": 1.1112,
    "cluster": "C2"
  },
  {
    "JC1": 1.4668,
    "JC2": 2.2089,
    "JC3": 3.0322,
    "min": 1.4668,
    "cluster": "C1"
  },
  {
    "JC1": 2.7031,
    "JC2": 2.1147,
    "JC3": 2.85,
    "min": 2.1147,
    "cluster": "C2"
  },
  {
    "JC1": 2.3175,
    "JC2": 2.9513,
    "JC3": 2.2183,
    "min": 2.2183,
    "cluster": "C3"
  },
  {
    "JC1": 1.632,
    "JC2": 1.5842,
    "JC3": 2.6685,
    "min": 1.5842,
    "cluster": "C2"
  },
  {
    "JC1": 1.3895,
    "JC2": 1.7539,
    "JC3": 2.5091,
    "min": 1.3895,
    "cluster": "C1"
  },
  {
    "JC1": 2.6535,
    "JC2": 2.8525,
    "JC3": 1.0925,
    "min": 1.0925,
    "cluster": "C3"
  },
  {
    "JC1": 1.9621,
    "JC2": 1.8729,
    "JC3": 2.1603,
    "min": 1.8729,
    "cluster": "C2"
  },
  {
    "JC1": 2.4264,
    "JC2": 2.4851,
    "JC3": 2.2892,
    "min": 2.2892,
    "cluster": "C3"
  },
  {
    "JC1": 1.8301,
    "JC2": 2.5161,
    "JC3": 3.1355,
    "min": 1.8301,
    "cluster": "C1"
  },
  {
    "JC1": 3.3115,
    "JC2": 2.5339,
    "JC3": 3.018,
    "min": 2.5339,
    "cluster": "C2"
  },
  {
    "JC1": 2.7745,
    "JC2": 2.8671,
    "JC3": 3.1353,
    "min": 2.7745,
    "cluster": "C1"
  },
  {
    "JC1": 2.0649,
    "JC2": 2.8561,
    "JC3": 3.0692,
    "min": 2.0649,
    "cluster": "C1"
  },
  {
    "JC1": 2.7671,
    "JC2": 3.0783,
    "JC3": 1.4129,
    "min": 1.4129,
    "cluster": "C3"
  },
  {
    "JC1": 1.6675,
    "JC2": 2.2237,
    "JC3": 2.0266,
    "min": 1.6675,
    "cluster": "C1"
  },
  {
    "JC1": 2.8718,
    "JC2": 2.6612,
    "JC3": 1.5975,
    "min": 1.5975,
    "cluster": "C3"
  },
  {
    "JC1": 1.5965,
    "JC2": 1.9923,
    "JC3": 3.0596,
    "min": 1.5965,
    "cluster": "C1"
  },
  {
    "JC1": 1.9799,
    "JC2": 2.628,
    "JC3": 2.9792,
    "min": 1.9799,
    "cluster": "C1"
  },
  {
    "JC1": 2.0808,
    "JC2": 2.5902,
    "JC3": 3.3882,
    "min": 2.0808,
    "cluster": "C1"
  },
  {
    "JC1": 2.7869,
    "JC2": 2.806,
    "JC3": 1.2142,
    "min": 1.2142,
    "cluster": "C3"
  },
  {
    "JC1": 2.437,
    "JC2": 1.6346,
    "JC3": 2.6279,
    "min": 1.6346,
    "cluster": "C2"
  },
  {
    "JC1": 1.9197,
    "JC2": 1.7585,
    "JC3": 3.193,
    "min": 1.7585,
    "cluster": "C2"
  },
  {
    "JC1": 3.0606,
    "JC2": 2.288,
    "JC3": 3.311,
    "min": 2.288,
    "cluster": "C2"
  },
  {
    "JC1": 1.8391,
    "JC2": 2.6522,
    "JC3": 3.3129,
    "min": 1.8391,
    "cluster": "C1"
  },
  {
    "JC1": 2.5055,
    "JC2": 2.7424,
    "JC3": 1.2003,
    "min": 1.2003,
    "cluster": "C3"
  },
  {
    "JC1": 2.4851,
    "JC2": 2.8456,
    "JC3": 1.4662,
    "min": 1.4662,
    "cluster": "C3"
  },
  {
    "JC1": 2.3915,
    "JC2": 2.2556,
    "JC3": 2.0739,
    "min": 2.0739,
    "cluster": "C3"
  },
  {
    "JC1": 1.0797,
    "JC2": 1.8004,
    "JC3": 2.4542,
    "min": 1.0797,
    "cluster": "C1"
  },
  {
    "JC1": 3.8341,
    "JC2": 3.0864,
    "JC3": 2.7995,
    "min": 2.7995,
    "cluster": "C3"
  },
  {
    "JC1": 2.3933,
    "JC2": 2.5975,
    "JC3": 3.0357,
    "min": 2.3933,
    "cluster": "C1"
  },
  {
    "JC1": 1.5723,
    "JC2": 2.2495,
    "JC3": 2.1862,
    "min": 1.5723,
    "cluster": "C1"
  },
  {
    "JC1": 2.4632,
    "JC2": 2.0485,
    "JC3": 3.2372,
    "min": 2.0485,
    "cluster": "C2"
  },
  {
    "JC1": 2.7716,
    "JC2": 3.053,
    "JC3": 2.3755,
    "min": 2.3755,
    "cluster": "C3"
  },
  {
    "JC1": 2.2829,
    "JC2": 2.7259,
    "JC3": 2.0473,
    "min": 2.0473,
    "cluster": "C3"
  },
  {
    "JC1": 3.0644,
    "JC2": 2.7515,
    "JC3": 2.478,
    "min": 2.478,
    "cluster": "C3"
  },
  {
    "JC1": 3.0507,
    "JC2": 2.2465,
    "JC3": 3.9421,
    "min": 2.2465,
    "cluster": "C2"
  },
  {
    "JC1": 1.5538,
    "JC2": 2.4206,
    "JC3": 2.4328,
    "min": 1.5538,
    "cluster": "C1"
  },
  {
    "JC1": 2.1267,
    "JC2": 2.9198,
    "JC3": 1.7069,
    "min": 1.7069,
    "cluster": "C3"
  },
  {
    "JC1": 2.6964,
    "JC2": 3.0405,
    "JC3": 1.2041,
    "min": 1.2041,
    "cluster": "C3"
  },
  {
    "JC1": 1.9499,
    "JC2": 2.359,
    "JC3": 1.9174,
    "min": 1.9174,
    "cluster": "C3"
  },
  {
    "JC1": 1.4875,
    "JC2": 1.4813,
    "JC3": 2.4793,
    "min": 1.4813,
    "cluster": "C2"
  },
  {
    "JC1": 1.076,
    "JC2": 1.6106,
    "JC3": 2.4176,
    "min": 1.076,
    "cluster": "C1"
  },
  {
    "JC1": 2.5089,
    "JC2": 1.5118,
    "JC3": 2.9427,
    "min": 1.5118,
    "cluster": "C2"
  },
  {
    "JC1": 2.1491,
    "JC2": 2.7769,
    "JC3": 3.5371,
    "min": 2.1491,
    "cluster": "C1"
  },
  {
    "JC1": 2.5988,
    "JC2": 2.9078,
    "JC3": 0.9272,
    "min": 0.9272,
    "cluster": "C3"
  },
  {
    "JC1": 2.4612,
    "JC2": 2.9849,
    "JC3": 1.7648,
    "min": 1.7648,
    "cluster": "C3"
  },
  {
    "JC1": 3.1682,
    "JC2": 2.6249,
    "JC3": 2.3996,
    "min": 2.3996,
    "cluster": "C3"
  },
  {
    "JC1": 1.8878,
    "JC2": 1.8365,
    "JC3": 2.5832,
    "min": 1.8365,
    "cluster": "C2"
  },
  {
    "JC1": 2.0135,
    "JC2": 2.8267,
    "JC3": 1.5868,
    "min": 1.5868,
    "cluster": "C3"
  },
  {
    "JC1": 2.5689,
    "JC2": 3.1321,
    "JC3": 1.0609,
    "min": 1.0609,
    "cluster": "C3"
  },
  {
    "JC1": 2.14,
    "JC2": 2.5066,
    "JC3": 3.3889,
    "min": 2.14,
    "cluster": "C1"
  },
  {
    "JC1": 1.2974,
    "JC2": 2.1913,
    "JC3": 2.3974,
    "min": 1.2974,
    "cluster": "C1"
  },
  {
    "JC1": 2.6062,
    "JC2": 2.6338,
    "JC3": 1.4616,
    "min": 1.4616,
    "cluster": "C3"
  },
  {
    "JC1": 2.5635,
    "JC2": 3.233,
    "JC3": 1.5806,
    "min": 1.5806,
    "cluster": "C3"
  },
  {
    "JC1": 1.9222,
    "JC2": 2.4243,
    "JC3": 2.8114,
    "min": 1.9222,
    "cluster": "C1"
  },
  {
    "JC1": 1.9346,
    "JC2": 2.7411,
    "JC3": 2.4053,
    "min": 1.9346,
    "cluster": "C1"
  },
  {
    "JC1": 1.9063,
    "JC2": 2.3501,
    "JC3": 1.3829,
    "min": 1.3829,
    "cluster": "C3"
  },
  {
    "JC1": 1.2965,
    "JC2": 1.7378,
    "JC3": 2.2774,
    "min": 1.2965,
    "cluster": "C1"
  },
  {
    "JC1": 1.6832,
    "JC2": 1.8128,
    "JC3": 2.2322,
    "min": 1.6832,
    "cluster": "C1"
  },
  {
    "JC1": 2.5704,
    "JC2": 1.9729,
    "JC3": 3.8925,
    "min": 1.9729,
    "cluster": "C2"
  },
  {
    "JC1": 2.0596,
    "JC2": 1.8756,
    "JC3": 1.9859,
    "min": 1.8756,
    "cluster": "C2"
  },
  {
    "JC1": 2.6029,
    "JC2": 3.2944,
    "JC3": 1.1035,
    "min": 1.1035,
    "cluster": "C3"
  },
  {
    "JC1": 2.5344,
    "JC2": 3.0804,
    "JC3": 0.9077,
    "min": 0.9077,
    "cluster": "C3"
  },
  {
    "JC1": 1.5041,
    "JC2": 1.9915,
    "JC3": 2.5325,
    "min": 1.5041,
    "cluster": "C1"
  },
  {
    "JC1": 2.1559,
    "JC2": 2.8587,
    "JC3": 1.1819,
    "min": 1.1819,
    "cluster": "C3"
  },
  {
    "JC1": 2.0387,
    "JC2": 1.3658,
    "JC3": 3.0698,
    "min": 1.3658,
    "cluster": "C2"
  },
  {
    "JC1": 2.7112,
    "JC2": 2.807,
    "JC3": 1.0463,
    "min": 1.0463,
    "cluster": "C3"
  },
  {
    "JC1": 1.8522,
    "JC2": 2.0964,
    "JC3": 1.8314,
    "min": 1.8314,
    "cluster": "C3"
  },
  {
    "JC1": 2.4199,
    "JC2": 1.6934,
    "JC3": 3.5643,
    "min": 1.6934,
    "cluster": "C2"
  },
  {
    "JC1": 2.2745,
    "JC2": 2.8623,
    "JC3": 1.2778,
    "min": 1.2778,
    "cluster": "C3"
  },
  {
    "JC1": 2.2533,
    "JC2": 2.8434,
    "JC3": 1.5063,
    "min": 1.5063,
    "cluster": "C3"
  },
  {
    "JC1": 1.4559,
    "JC2": 1.5307,
    "JC3": 2.7003,
    "min": 1.4559,
    "cluster": "C1"
  },
  {
    "JC1": 2.5789,
    "JC2": 3.0225,
    "JC3": 1.0438,
    "min": 1.0438,
    "cluster": "C3"
  },
  {
    "JC1": 2.355,
    "JC2": 1.8419,
    "JC3": 3.1647,
    "min": 1.8419,
    "cluster": "C2"
  },
  {
    "JC1": 2.5073,
    "JC2": 3.1581,
    "JC3": 1.1093,
    "min": 1.1093,
    "cluster": "C3"
  },
  {
    "JC1": 1.6247,
    "JC2": 0.9721,
    "JC3": 2.7866,
    "min": 0.9721,
    "cluster": "C2"
  },
  {
    "JC1": 2.128,
    "JC2": 1.6587,
    "JC3": 3.2377,
    "min": 1.6587,
    "cluster": "C2"
  },
  {
    "JC1": 2.973,
    "JC2": 1.7983,
    "JC3": 3.3123,
    "min": 1.7983,
    "cluster": "C2"
  },
  {
    "JC1": 2.5277,
    "JC2": 2.9723,
    "JC3": 0.8223,
    "min": 0.8223,
    "cluster": "C3"
  },
  {
    "JC1": 1.416,
    "JC2": 1.8855,
    "JC3": 2.6265,
    "min": 1.416,
    "cluster": "C1"
  },
  {
    "JC1": 2.5859,
    "JC2": 2.8568,
    "JC3": 1.3203,
    "min": 1.3203,
    "cluster": "C3"
  },
  {
    "JC1": 2.8653,
    "JC2": 1.9386,
    "JC3": 3.1838,
    "min": 1.9386,
    "cluster": "C2"
  },
  {
    "JC1": 2.909,
    "JC2": 2.7422,
    "JC3": 3.9911,
    "min": 2.7422,
    "cluster": "C2"
  },
  {
    "JC1": 2.8929,
    "JC2": 2.1287,
    "JC3": 3.864,
    "min": 2.1287,
    "cluster": "C2"
  },
  {
    "JC1": 2.3887,
    "JC2": 1.9301,
    "JC3": 2.7836,
    "min": 1.9301,
    "cluster": "C2"
  },
  {
    "JC1": 2.6519,
    "JC2": 2.2484,
    "JC3": 2.8004,
    "min": 2.2484,
    "cluster": "C2"
  },
  {
    "JC1": 2.5683,
    "JC2": 2.7125,
    "JC3": 2.8055,
    "min": 2.5683,
    "cluster": "C1"
  },
  {
    "JC1": 3.6512,
    "JC2": 2.8007,
    "JC3": 3.9255,
    "min": 2.8007,
    "cluster": "C2"
  },
  {
    "JC1": 2.2642,
    "JC2": 2.2863,
    "JC3": 2.8713,
    "min": 2.2642,
    "cluster": "C1"
  },
  {
    "JC1": 2.2312,
    "JC2": 1.6092,
    "JC3": 2.6268,
    "min": 1.6092,
    "cluster": "C2"
  },
  {
    "JC1": 2.8318,
    "JC2": 1.7988,
    "JC3": 3.3006,
    "min": 1.7988,
    "cluster": "C2"
  },
  {
    "JC1": 3.1137,
    "JC2": 2.7146,
    "JC3": 4.2938,
    "min": 2.7146,
    "cluster": "C2"
  },
  {
    "JC1": 1.786,
    "JC2": 1.9465,
    "JC3": 2.1294,
    "min": 1.786,
    "cluster": "C1"
  },
  {
    "JC1": 2.189,
    "JC2": 2.9504,
    "JC3": 1.1737,
    "min": 1.1737,
    "cluster": "C3"
  },
  {
    "JC1": 2.3818,
    "JC2": 2.7177,
    "JC3": 1.1967,
    "min": 1.1967,
    "cluster": "C3"
  },
  {
    "JC1": 1.6242,
    "JC2": 1.8874,
    "JC3": 2.2637,
    "min": 1.6242,
    "cluster": "C1"
  },
  {
    "JC1": 3.0125,
    "JC2": 2.6963,
    "JC3": 2.0361,
    "min": 2.0361,
    "cluster": "C3"
  },
  {
    "JC1": 2.5969,
    "JC2": 3.1953,
    "JC3": 1.0574,
    "min": 1.0574,
    "cluster": "C3"
  },
  {
    "JC1": 1.7665,
    "JC2": 1.5167,
    "JC3": 2.4977,
    "min": 1.5167,
    "cluster": "C2"
  },
  {
    "JC1": 1.1185,
    "JC2": 1.9515,
    "JC3": 2.4599,
    "min": 1.1185,
    "cluster": "C1"
  },
  {
    "JC1": 2.5987,
    "JC2": 2.9959,
    "JC3": 1.1426,
    "min": 1.1426,
    "cluster": "C3"
  },
  {
    "JC1": 2.5814,
    "JC2": 3.0728,
    "JC3": 1.03,
    "min": 1.03,
    "cluster": "C3"
  },
  {
    "JC1": 2.3462,
    "JC2": 3.103,
    "JC3": 1.382,
    "min": 1.382,
    "cluster": "C3"
  },
  {
    "JC1": 2.7491,
    "JC2": 2.8322,
    "JC3": 1.3471,
    "min": 1.3471,
    "cluster": "C3"
  },
  {
    "JC1": 1.7541,
    "JC2": 1.3473,
    "JC3": 2.7253,
    "min": 1.3473,
    "cluster": "C2"
  },
  {
    "JC1": 1.8621,
    "JC2": 1.537,
    "JC3": 2.5171,
    "min": 1.537,
    "cluster": "C2"
  },
  {
    "JC1": 2.159,
    "JC2": 2.0366,
    "JC3": 3.0412,
    "min": 2.0366,
    "cluster": "C2"
  },
  {
    "JC1": 1.5115,
    "JC2": 2.1218,
    "JC3": 2.2699,
    "min": 1.5115,
    "cluster": "C1"
  },
  {
    "JC1": 2.6253,
    "JC2": 2.889,
    "JC3": 1.0833,
    "min": 1.0833,
    "cluster": "C3"
  },
  {
    "JC1": 1.502,
    "JC2": 2.0436,
    "JC3": 2.0901,
    "min": 1.502,
    "cluster": "C1"
  },
  {
    "JC1": 1.5316,
    "JC2": 2.1891,
    "JC3": 2.6151,
    "min": 1.5316,
    "cluster": "C1"
  },
  {
    "JC1": 2.5062,
    "JC2": 3.2209,
    "JC3": 1.3406,
    "min": 1.3406,
    "cluster": "C3"
  },
  {
    "JC1": 2.5861,
    "JC2": 3.2395,
    "JC3": 1.8239,
    "min": 1.8239,
    "cluster": "C3"
  },
  {
    "JC1": 2.5536,
    "JC2": 2.1206,
    "JC3": 2.2606,
    "min": 2.1206,
    "cluster": "C2"
  },
  {
    "JC1": 1.6972,
    "JC2": 2.2069,
    "JC3": 2.542,
    "min": 1.6972,
    "cluster": "C1"
  },
  {
    "JC1": 1.377,
    "JC2": 1.9842,
    "JC3": 2.3491,
    "min": 1.377,
    "cluster": "C1"
  },
  {
    "JC1": 2.196,
    "JC2": 2.7946,
    "JC3": 1.3754,
    "min": 1.3754,
    "cluster": "C3"
  },
  {
    "JC1": 2.8479,
    "JC2": 2.1997,
    "JC3": 3.9629,
    "min": 2.1997,
    "cluster": "C2"
  },
  {
    "JC1": 2.6324,
    "JC2": 3.2584,
    "JC3": 1.1619,
    "min": 1.1619,
    "cluster": "C3"
  },
  {
    "JC1": 1.5605,
    "JC2": 2.2047,
    "JC3": 2.8506,
    "min": 1.5605,
    "cluster": "C1"
  },
  {
    "JC1": 2.3835,
    "JC2": 3.1532,
    "JC3": 1.1646,
    "min": 1.1646,
    "cluster": "C3"
  },
  {
    "JC1": 2.405,
    "JC2": 2.8539,
    "JC3": 0.8658,
    "min": 0.8658,
    "cluster": "C3"
  },
  {
    "JC1": 2.5003,
    "JC2": 1.6649,
    "JC3": 3.4792,
    "min": 1.6649,
    "cluster": "C2"
  },
  {
    "JC1": 4.2391,
    "JC2": 4.1106,
    "JC3": 4.1522,
    "min": 4.1106,
    "cluster": "C2"
  },
  {
    "JC1": 2.6029,
    "JC2": 3.2944,
    "JC3": 1.1035,
    "min": 1.1035,
    "cluster": "C3"
  },
  {
    "JC1": 2.3244,
    "JC2": 2.5919,
    "JC3": 1.5241,
    "min": 1.5241,
    "cluster": "C3"
  },
  {
    "JC1": 2.4284,
    "JC2": 2.1205,
    "JC3": 2.3142,
    "min": 2.1205,
    "cluster": "C2"
  },
  {
    "JC1": 2.2266,
    "JC2": 2.199,
    "JC3": 1.7002,
    "min": 1.7002,
    "cluster": "C3"
  },
  {
    "JC1": 1.4135,
    "JC2": 1.986,
    "JC3": 2.3758,
    "min": 1.4135,
    "cluster": "C1"
  },
  {
    "JC1": 3.3757,
    "JC2": 3.1587,
    "JC3": 2.8003,
    "min": 2.8003,
    "cluster": "C3"
  },
  {
    "JC1": 1.1284,
    "JC2": 2.2053,
    "JC3": 2.3901,
    "min": 1.1284,
    "cluster": "C1"
  },
  {
    "JC1": 2.6258,
    "JC2": 2.8537,
    "JC3": 1.2338,
    "min": 1.2338,
    "cluster": "C3"
  },
  {
    "JC1": 2.6659,
    "JC2": 2.4772,
    "JC3": 1.7332,
    "min": 1.7332,
    "cluster": "C3"
  },
  {
    "JC1": 2.8005,
    "JC2": 2.2875,
    "JC3": 3.2423,
    "min": 2.2875,
    "cluster": "C2"
  },
  {
    "JC1": 2.0951,
    "JC2": 2.9771,
    "JC3": 1.4041,
    "min": 1.4041,
    "cluster": "C3"
  },
  {
    "JC1": 2.4922,
    "JC2": 2.7717,
    "JC3": 1.4206,
    "min": 1.4206,
    "cluster": "C3"
  },
  {
    "JC1": 2.4699,
    "JC2": 2.2532,
    "JC3": 2.0115,
    "min": 2.0115,
    "cluster": "C3"
  },
  {
    "JC1": 3.1913,
    "JC2": 2.8185,
    "JC3": 2.4612,
    "min": 2.4612,
    "cluster": "C3"
  },
  {
    "JC1": 1.8661,
    "JC2": 2.6765,
    "JC3": 3.3295,
    "min": 1.8661,
    "cluster": "C1"
  },
  {
    "JC1": 2.5569,
    "JC2": 2.7935,
    "JC3": 1.2122,
    "min": 1.2122,
    "cluster": "C3"
  },
  {
    "JC1": 2.7289,
    "JC2": 2.5283,
    "JC3": 1.7566,
    "min": 1.7566,
    "cluster": "C3"
  },
  {
    "JC1": 2.2178,
    "JC2": 2.501,
    "JC3": 1.5494,
    "min": 1.5494,
    "cluster": "C3"
  },
  {
    "JC1": 2.6985,
    "JC2": 2.456,
    "JC3": 2.985,
    "min": 2.456,
    "cluster": "C2"
  },
  {
    "JC1": 1.561,
    "JC2": 1.4708,
    "JC3": 2.48,
    "min": 1.4708,
    "cluster": "C2"
  },
  {
    "JC1": 1.7094,
    "JC2": 1.5004,
    "JC3": 2.8357,
    "min": 1.5004,
    "cluster": "C2"
  },
  {
    "JC1": 1.3921,
    "JC2": 1.6664,
    "JC3": 1.9547,
    "min": 1.3921,
    "cluster": "C1"
  },
  {
    "JC1": 2.7723,
    "JC2": 2.6615,
    "JC3": 1.8839,
    "min": 1.8839,
    "cluster": "C3"
  },
  {
    "JC1": 1.9335,
    "JC2": 1.6338,
    "JC3": 2.8664,
    "min": 1.6338,
    "cluster": "C2"
  },
  {
    "JC1": 2.3591,
    "JC2": 2.7955,
    "JC3": 1.0246,
    "min": 1.0246,
    "cluster": "C3"
  },
  {
    "JC1": 1.2881,
    "JC2": 1.1399,
    "JC3": 2.5024,
    "min": 1.1399,
    "cluster": "C2"
  },
  {
    "JC1": 2.5299,
    "JC2": 3.1417,
    "JC3": 1.072,
    "min": 1.072,
    "cluster": "C3"
  },
  {
    "JC1": 2.4793,
    "JC2": 3.2155,
    "JC3": 1.1839,
    "min": 1.1839,
    "cluster": "C3"
  },
  {
    "JC1": 2.9736,
    "JC2": 2.3638,
    "JC3": 4.2028,
    "min": 2.3638,
    "cluster": "C2"
  },
  {
    "JC1": 1.5633,
    "JC2": 1.2179,
    "JC3": 2.6781,
    "min": 1.2179,
    "cluster": "C2"
  },
  {
    "JC1": 1.6486,
    "JC2": 1.9944,
    "JC3": 1.9121,
    "min": 1.6486,
    "cluster": "C1"
  },
  {
    "JC1": 2.6029,
    "JC2": 3.2944,
    "JC3": 1.1035,
    "min": 1.1035,
    "cluster": "C3"
  },
  {
    "JC1": 2.5953,
    "JC2": 1.9698,
    "JC3": 3.3201,
    "min": 1.9698,
    "cluster": "C2"
  },
  {
    "JC1": 2.4097,
    "JC2": 3.0659,
    "JC3": 1.0826,
    "min": 1.0826,
    "cluster": "C3"
  },
  {
    "JC1": 3.6875,
    "JC2": 3.1132,
    "JC3": 5.0507,
    "min": 3.1132,
    "cluster": "C2"
  },
  {
    "JC1": 2.0843,
    "JC2": 1.4921,
    "JC3": 3.0329,
    "min": 1.4921,
    "cluster": "C2"
  },
  {
    "JC1": 2.2517,
    "JC2": 1.9435,
    "JC3": 2.9398,
    "min": 1.9435,
    "cluster": "C2"
  },
  {
    "JC1": 3.2902,
    "JC2": 3.18,
    "JC3": 3.4658,
    "min": 3.18,
    "cluster": "C2"
  },
  {
    "JC1": 4.839,
    "JC2": 3.9731,
    "JC3": 5.9171,
    "min": 3.9731,
    "cluster": "C2"
  },
  {
    "JC1": 2.5075,
    "JC2": 2.9097,
    "JC3": 1.2583,
    "min": 1.2583,
    "cluster": "C3"
  },
  {
    "JC1": 1.49,
    "JC2": 1.345,
    "JC3": 2.2833,
    "min": 1.345,
    "cluster": "C2"
  },
  {
    "JC1": 2.1523,
    "JC2": 1.5118,
    "JC3": 3.3035,
    "min": 1.5118,
    "cluster": "C2"
  },
  {
    "JC1": 1.871,
    "JC2": 2.0762,
    "JC3": 2.1613,
    "min": 1.871,
    "cluster": "C1"
  },
  {
    "JC1": 4.2502,
    "JC2": 3.7524,
    "JC3": 3.6553,
    "min": 3.6553,
    "cluster": "C3"
  }
]