[
  {
    "KC_PP1": 0.998,
    "KC_PP2": 1.7673,
    "KC_PP3": 1.6813,
    "KA_PP1": 1.3685,
    "KA_PP2": 1.167,
    "KA_PP3": 1.5188,
    "KS_PP1": 2.0175,
    "KS_PP2": 1.1175,
    "KS_PP3": 0.8398,
    "KH_PP1": 1.7269,
    "KH_PP2": 1.1618,
    "KH_PP3": 0.8253,
    "KP_PP1": 1.4644,
    "KP_PP2": 1.2637,
    "KP_PP3": 1.1769,
    "KC_PB1": 1.2661,
    "KC_PB2": 1.0029,
    "KC_PB3": 1.3046,
    "KA_PB1": 1.5373,
    "KA_PB2": 1.311,
    "KA_PB3": 1.0209,
    "KS_PB1": 1.5719,
    "KS_PB2": 1.2991,
    "KS_PB3": 1.0536,
    "KH_PB1": 0.8949,
    "KH_PB2": 1.6758,
    "KH_PB3": 1.184,
    "KP_PB1": 1.3564,
    "KP_PB2": 1.4202,
    "KP_PB3": 1.1311,
    "KC_PM1": 1.6187,
    "KC_PM2": 1.4569,
    "KC_PM3": 0.9392,
    "KA_PM1": 1.9515,
    "KA_PM2": 1.5954,
    "KA_PM3": 0.7634,
    "KS_PM1": 1.0818,
    "KS_PM2": 1.5914,
    "KS_PM3": 1.7205,
    "KH_PM1": 1.1813,
    "KH_PM2": 1.4573,
    "KH_PM3": 1.6651,
    "KP_PM1": 1.2091,
    "KP_PM2": 1.4489,
    "KP_PM3": 1.6127,
    "KC_UP1": 2.0702,
    "KC_UP2": 2.1473,
    "KA_UP1": 2.4663,
    "KA_UP2": 1.7862,
    "KS_UP1": 2.0758,
    "KS_UP2": 2.3914,
    "KH_UP1": 2.1126,
    "KH_UP2": 2.4445,
    "KP_UP1": 2.6231,
    "KP_UP2": 1.8407,
    "KC_PK1": 2.4977,
    "KC_PK2": 1.7813,
    "KA_PK1": 1.8249,
    "KA_PK2": 2.4151,
    "KS_PK1": 1.2654,
    "KS_PK2": 2.8382,
    "KH_PK1": 3.1675,
    "KH_PK2": 0.9062,
    "KP_PK1": 3.4043,
    "KP_PK2": 0.6868
  },
  {
    "KC_PP1": 0.9359,
    "KC_PP2": 1.735,
    "KC_PP3": 1.6672,
    "KA_PP1": 1.5269,
    "KA_PP2": 1.1436,
    "KA_PP3": 1.6871,
    "KS_PP1": 2.1021,
    "KS_PP2": 1.3369,
    "KS_PP3": 0.9011,
    "KH_PP1": 1.9641,
    "KH_PP2": 1.226,
    "KH_PP3": 0.8439,
    "KP_PP1": 1.6675,
    "KP_PP2": 1.514,
    "KP_PP3": 1.2813,
    "KC_PB1": 1.5253,
    "KC_PB2": 1.187,
    "KC_PB3": 1.5898,
    "KA_PB1": 1.6791,
    "KA_PB2": 1.3999,
    "KA_PB3": 1.1869,
    "KS_PB1": 1.749,
    "KS_PB2": 1.7115,
    "KS_PB3": 1.0979,
    "KH_PB1": 1.0037,
    "KH_PB2": 1.7578,
    "KH_PB3": 1.5436,
    "KP_PB1": 1.7575,
    "KP_PB2": 1.4657,
    "KP_PB3": 1.1772,
    "KC_PM1": 1.812,
    "KC_PM2": 1.5244,
    "KC_PM3": 0.9818,
    "KA_PM1": 2.0034,
    "KA_PM2": 1.6655,
    "KA_PM3": 0.7843,
    "KS_PM1": 1.1324,
    "KS_PM2": 1.6065,
    "KS_PM3": 1.6833,
    "KH_PM1": 1.2024,
    "KH_PM2": 1.5077,
    "KH_PM3": 1.6571,
    "KP_PM1": 1.1447,
    "KP_PM2": 1.4222,
    "KP_PM3": 1.5968,
    "KC_UP1": 1.8657,
    "KC_UP2": 1.9106,
    "KA_UP1": 2.1677,
    "KA_UP2": 1.4921,
    "KS_UP1": 1.6479,
    "KS_UP2": 1.9554,
    "KH_UP1": 1.8316,
    "KH_UP2": 2.0793,
    "KP_UP1": 2.3327,
    "KP_UP2": 1.7111,
    "KC_PK1": 2.2173,
    "KC_PK2": 1.6438,
    "KA_PK1": 1.6654,
    "KA_PK2": 2.2359,
    "KS_PK1": 1.1365,
    "KS_PK2": 2.7756,
    "KH_PK1": 3.0717,
    "KH_PK2": 0.8501,
    "KP_PK1": 3.0477,
    "KP_PK2": 0.5615
  },
  {
    "KC_PP1": 1.0387,
    "KC_PP2": 1.883,
    "KC_PP3": 1.8459,
    "KA_PP1": 1.6315,
    "KA_PP2": 1.273,
    "KA_PP3": 1.7827,
    "KS_PP1": 2.2819,
    "KS_PP2": 1.4051,
    "KS_PP3": 0.9833,
    "KH_PP1": 2.1575,
    "KH_PP2": 1.3864,
    "KH_PP3": 0.9686,
    "KP_PP1": 1.7388,
    "KP_PP2": 1.6158,
    "KP_PP3": 1.3724,
    "KC_PB1": 1.6233,
    "KC_PB2": 1.2886,
    "KC_PB3": 1.7068,
    "KA_PB1": 1.7993,
    "KA_PB2": 1.5676,
    "KA_PB3": 1.3069,
    "KS_PB1": 1.8177,
    "KS_PB2": 1.643,
    "KS_PB3": 1.1651,
    "KH_PB1": 1.0684,
    "KH_PB2": 1.884,
    "KH_PB3": 1.6106,
    "KP_PB1": 1.7826,
    "KP_PB2": 1.5626,
    "KP_PB3": 1.2568,
    "KC_PM1": 1.8689,
    "KC_PM2": 1.644,
    "KC_PM3": 1.0231,
    "KA_PM1": 2.1336,
    "KA_PM2": 1.7473,
    "KA_PM3": 0.837,
    "KS_PM1": 1.2066,
    "KS_PM2": 1.7414,
    "KS_PM3": 1.812,
    "KH_PM1": 1.3017,
    "KH_PM2": 1.6325,
    "KH_PM3": 1.8474,
    "KP_PM1": 1.296,
    "KP_PM2": 1.5875,
    "KP_PM3": 1.8292,
    "KC_UP1": 2.2724,
    "KC_UP2": 2.433,
    "KA_UP1": 2.771,
    "KA_UP2": 1.9399,
    "KS_UP1": 2.2735,
    "KS_UP2": 2.5247,
    "KH_UP1": 2.2361,
    "KH_UP2": 2.5648,
    "KP_UP1": 2.7733,
    "KP_UP2": 2.072,
    "KC_PK1": 2.7528,
    "KC_PK2": 2.0405,
    "KA_PK1": 2.0742,
    "KA_PK2": 2.7532,
    "KS_PK1": 1.4245,
    "KS_PK2": 3.3279,
    "KH_PK1": 3.7309,
    "KH_PK2": 1.0423,
    "KP_PK1": 3.9056,
    "KP_PK2": 0.7622
  }
]